Generation,BestFitness,AvgFitness,WorstFitness,ElapsedTime
0,691.0,1022.0,1575.0,0.2
1,691.0,1077.2,1688.0,0.2
2,691.0,1087.9,1685.0,0.2
3,663.0,1075.7,1618.0,0.2
4,663.0,1073.0,1802.0,0.3
5,655.0,962.7,1388.0,0.5
6,650.0,1024.4,1664.0,0.5
7,646.0,1039.6,1570.0,0.5
8,646.0,1043.9,1632.0,0.5
9,646.0,1042.2,1664.0,0.5
10,646.0,936.8,1310.0,0.7
11,646.0,1003.3,1615.0,0.7
12,639.0,1021.7,1661.0,0.7
13,639.0,1031.8,1678.0,0.7
14,639.0,1033.8,1615.0,0.8
15,627.0,933.8,1392.0,1.0
16,627.0,1002.3,1515.0,1.0
17,627.0,1019.9,1606.0,1.0
18,627.0,1026.2,1683.0,1.0
19,627.0,1027.3,1683.0,1.0
20,627.0,926.3,1314.0,1.2
21,627.0,994.2,1654.0,1.2
22,627.0,1014.3,1603.0,1.3
23,627.0,1014.9,1673.0,1.3
24,627.0,1024.0,1628.0,1.3
25,627.0,921.6,1437.0,1.5
26,627.0,987.4,1564.0,1.5
27,627.0,1008.1,1566.0,1.5
28,627.0,1015.5,1723.0,1.5
29,627.0,1017.5,1640.0,1.5
30,627.0,919.0,1330.0,1.7
31,627.0,991.8,1520.0,1.8
32,627.0,1012.3,1634.0,1.8
33,627.0,1023.2,1767.0,1.8
34,627.0,1020.9,1863.0,1.8
35,627.0,918.7,1356.0,2.0
36,627.0,984.7,1649.0,2.0
37,627.0,1006.4,1560.0,2.0
38,627.0,1013.5,1540.0,2.0
39,627.0,1017.1,1566.0,2.0
40,627.0,916.0,1313.0,2.3
41,627.0,988.4,1480.0,2.3
42,627.0,1008.1,1661.0,2.3
43,627.0,1015.6,1705.0,2.3
44,627.0,1014.9,1613.0,2.3
45,627.0,916.2,1324.0,2.5
46,627.0,987.7,1593.0,2.5
47,627.0,1005.6,1558.0,2.5
48,627.0,1007.9,1564.0,2.5
49,627.0,1011.0,1608.0,2.5
50,627.0,913.9,1280.0,2.7
51,627.0,985.6,1614.0,2.8
52,627.0,1003.5,1632.0,2.8
53,627.0,1013.2,1581.0,2.8
54,627.0,1015.5,1608.0,2.8
55,625.0,915.2,1315.0,3.0
56,625.0,987.3,1540.0,3.0
57,625.0,1013.7,1546.0,3.0
58,625.0,1024.0,1627.0,3.0
59,625.0,1023.3,1661.0,3.1
60,624.0,918.5,1302.0,3.3
61,624.0,990.7,1562.0,3.3
62,624.0,1013.0,1575.0,3.3
63,624.0,1019.0,1646.0,3.3
64,624.0,1020.0,1609.0,3.3
65,624.0,921.1,1351.0,3.5
66,624.0,989.1,1686.0,3.5
67,624.0,1010.2,1621.0,3.5
68,624.0,1011.2,1608.0,3.5
69,624.0,1015.6,1561.0,3.6
70,617.0,913.9,1325.0,3.8
71,617.0,986.3,1680.0,3.8
72,617.0,1005.7,1719.0,3.8
73,617.0,1013.8,1753.0,3.8
74,617.0,1019.3,1602.0,3.8
75,617.0,916.9,1447.0,4.0
76,617.0,984.6,1602.0,4.0
77,617.0,1005.1,1565.0,4.0
78,617.0,1012.0,1610.0,4.0
79,617.0,1012.4,1577.0,4.1
80,617.0,914.1,1328.0,4.3
81,617.0,985.6,1474.0,4.3
82,617.0,1010.1,1704.0,4.3
83,617.0,1013.1,1655.0,4.3
84,617.0,1012.7,1522.0,4.3
85,617.0,910.8,1341.0,4.5
86,617.0,983.8,1568.0,4.5
87,617.0,1003.9,1527.0,4.6
88,617.0,1015.2,1571.0,4.6
89,617.0,1012.9,1572.0,4.6
90,617.0,914.0,1331.0,4.8
91,615.0,984.5,1599.0,4.8
92,615.0,1002.3,1530.0,4.8
93,615.0,1004.6,1603.0,4.9
94,615.0,1009.8,1560.0,4.9
95,615.0,911.1,1340.0,5.1
96,615.0,980.4,1570.0,5.1
97,615.0,1000.1,1590.0,5.1
98,615.0,1007.5,1533.0,5.1
99,615.0,1009.2,1539.0,5.1
100,615.0,913.3,1284.0,5.3
101,615.0,983.7,1567.0,5.3
102,615.0,1002.6,1617.0,5.3
103,615.0,1010.1,1549.0,5.4
104,615.0,1017.2,1613.0,5.4
105,615.0,915.2,1308.0,5.6
106,615.0,978.6,1639.0,5.6
107,615.0,1003.5,1639.0,5.6
108,615.0,1007.7,1592.0,5.6
109,615.0,1012.3,1580.0,5.6
110,615.0,915.4,1331.0,5.8
111,615.0,980.7,1546.0,5.8
112,615.0,1000.5,1502.0,5.8
113,615.0,1003.9,1546.0,5.9
114,615.0,1008.7,1703.0,5.9
115,615.0,910.3,1263.0,6.1
116,615.0,981.3,1483.0,6.1
117,615.0,1003.8,1584.0,6.1
118,615.0,1008.9,1491.0,6.1
119,615.0,1005.7,1603.0,6.1
120,615.0,911.4,1287.0,6.3
121,615.0,979.6,1619.0,6.3
122,615.0,996.2,1541.0,6.3
123,615.0,1012.1,1524.0,6.4
124,615.0,1012.3,1588.0,6.4
125,615.0,913.0,1280.0,6.6
126,615.0,975.5,1531.0,6.6
127,615.0,1000.5,1507.0,6.6
128,615.0,1009.7,1602.0,6.6
129,615.0,1008.1,1680.0,6.6
130,615.0,912.1,1260.0,6.8
131,615.0,977.6,1499.0,6.8
132,615.0,997.5,1537.0,6.8
133,615.0,1004.2,1507.0,6.9
134,615.0,1006.9,1582.0,6.9
135,615.0,908.7,1275.0,7.1
136,615.0,977.1,1634.0,7.1
137,615.0,998.2,1679.0,7.1
138,615.0,997.2,1679.0,7.1
139,615.0,1004.6,1647.0,7.1
140,615.0,909.4,1320.0,7.3
141,615.0,973.2,1580.0,7.3
142,615.0,994.0,1495.0,7.4
143,615.0,1005.8,1514.0,7.4
144,615.0,1009.8,1792.0,7.4
145,615.0,908.8,1324.0,7.6
146,615.0,982.8,1697.0,7.6
147,615.0,1004.1,1552.0,7.6
148,615.0,1004.9,1584.0,7.6
149,615.0,1003.1,1597.0,7.6
150,615.0,907.4,1380.0,7.8
151,615.0,973.7,1509.0,7.9
152,615.0,996.2,1542.0,7.9
153,615.0,1003.6,1618.0,7.9
154,615.0,1004.6,1516.0,7.9
155,615.0,904.5,1396.0,8.1
156,615.0,971.0,1593.0,8.1
157,615.0,995.4,1540.0,8.1
158,615.0,998.2,1540.0,8.1
159,615.0,1004.4,1536.0,8.2
160,615.0,904.9,1378.0,8.4
161,615.0,969.1,1533.0,8.4
162,615.0,989.0,1635.0,8.4
163,615.0,999.4,1620.0,8.4
164,615.0,1001.7,1759.0,8.4
165,615.0,902.9,1266.0,8.6
166,615.0,970.4,1508.0,8.6
167,608.0,996.4,1621.0,8.6
168,608.0,1008.8,1594.0,8.7
169,608.0,1010.2,1556.0,8.7
170,608.0,908.9,1285.0,8.9
171,608.0,978.6,1570.0,8.9
172,608.0,995.8,1776.0,8.9
173,608.0,1000.2,1598.0,8.9
174,608.0,1005.2,1598.0,8.9
175,608.0,905.3,1308.0,9.1
176,608.0,976.4,1724.0,9.2
177,601.0,995.5,1609.0,9.2
178,601.0,1000.9,1586.0,9.2
179,601.0,1004.8,1594.0,9.2
180,601.0,904.2,1332.0,9.4
181,601.0,973.6,1494.0,9.4
182,601.0,993.4,1758.0,9.4
183,601.0,1002.3,1491.0,9.4
184,601.0,1005.3,1632.0,9.4
185,601.0,906.0,1247.0,9.6
186,601.0,974.3,1735.0,9.6
187,601.0,991.5,1744.0,9.7
188,601.0,995.3,1569.0,9.7
189,601.0,1004.9,1528.0,9.7
190,601.0,903.6,1356.0,9.9
191,601.0,977.5,1572.0,9.9
192,601.0,998.1,1516.0,9.9
193,601.0,1004.1,1693.0,9.9
194,601.0,1006.9,1666.0,9.9
195,601.0,906.8,1295.0,10.2
196,601.0,974.4,1481.0,10.2
197,601.0,994.8,1827.0,10.2
198,601.0,1002.2,1660.0,10.2
199,601.0,1003.5,1660.0,10.2
200,601.0,906.6,1302.0,10.4
201,601.0,976.1,1524.0,10.4
202,601.0,993.3,1611.0,10.4
203,601.0,1000.3,1663.0,10.4
204,601.0,1003.6,1576.0,10.4
205,601.0,906.1,1359.0,10.6
206,601.0,971.9,1562.0,10.7
207,601.0,993.3,1474.0,10.7
208,601.0,1000.0,1539.0,10.7
209,601.0,1004.5,1556.0,10.7
210,601.0,907.0,1252.0,10.9
211,601.0,978.6,1552.0,10.9
212,601.0,995.7,1552.0,10.9
213,601.0,1001.2,1541.0,10.9
214,601.0,1002.6,1597.0,10.9
215,601.0,905.8,1294.0,11.1
216,601.0,976.3,1494.0,11.2
217,601.0,993.5,1589.0,11.2
218,601.0,999.6,1589.0,11.2
219,601.0,1001.6,1583.0,11.2
220,601.0,907.5,1327.0,11.4
221,601.0,976.0,1521.0,11.4
222,601.0,992.3,1737.0,11.4
223,601.0,1000.7,1737.0,11.4
224,601.0,1003.0,1578.0,11.4
225,601.0,903.0,1269.0,11.6
226,601.0,971.7,1482.0,11.7
227,601.0,991.1,1511.0,11.7
228,601.0,998.4,1633.0,11.7
229,601.0,1000.7,1670.0,11.7
230,601.0,902.3,1338.0,11.9
231,601.0,972.1,1487.0,11.9
232,601.0,990.8,1654.0,11.9
233,601.0,1000.6,1470.0,11.9
234,601.0,999.5,1631.0,11.9
235,601.0,903.0,1301.0,12.1
236,601.0,973.1,1475.0,12.2
237,601.0,993.0,1577.0,12.2
238,601.0,1004.3,1558.0,12.2
239,601.0,1009.6,1599.0,12.2
240,601.0,905.7,1259.0,12.4
241,601.0,973.7,1524.0,12.4
242,601.0,995.6,1603.0,12.4
243,601.0,999.2,1691.0,12.5
244,601.0,1000.4,1508.0,12.5
245,601.0,903.7,1267.0,12.7
246,601.0,974.6,1506.0,12.7
247,601.0,992.8,1622.0,12.7
248,601.0,1005.0,1671.0,12.7
249,601.0,1008.5,1554.0,12.7
250,601.0,904.9,1254.0,12.9
251,601.0,970.9,1577.0,12.9
252,601.0,994.3,1527.0,12.9
253,601.0,1000.4,1611.0,13.0
254,601.0,1002.2,1589.0,13.0
255,601.0,903.8,1286.0,13.2
256,601.0,972.4,1618.0,13.2
257,601.0,990.1,1618.0,13.2
258,601.0,1001.7,1624.0,13.2
259,601.0,1004.2,1591.0,13.2
260,601.0,906.7,1399.0,13.4
261,601.0,973.3,1599.0,13.4
262,601.0,993.6,1623.0,13.4
263,601.0,996.0,1623.0,13.5
264,601.0,993.3,1577.0,13.5
265,601.0,898.6,1343.0,13.7
266,601.0,970.5,1638.0,13.7
267,601.0,996.5,1574.0,13.7
268,601.0,1001.8,1551.0,13.7
269,601.0,1002.1,1533.0,13.7
270,601.0,904.2,1311.0,13.9
271,601.0,971.7,1754.0,13.9
272,601.0,990.4,1558.0,14.0
273,601.0,996.0,1601.0,14.0
274,601.0,999.7,1624.0,14.0
275,601.0,905.8,1301.0,14.2
276,601.0,974.0,1511.0,14.2
277,601.0,991.9,1511.0,14.2
278,601.0,1001.0,1547.0,14.2
279,601.0,1000.2,1583.0,14.2
280,601.0,901.7,1344.0,14.4
281,601.0,973.1,1470.0,14.4
282,601.0,992.2,1608.0,14.5
283,601.0,998.0,1591.0,14.5
284,601.0,1002.4,1653.0,14.5
285,601.0,899.9,1340.0,14.7
286,601.0,970.1,1498.0,14.7
287,601.0,990.3,1541.0,14.7
288,601.0,997.2,1522.0,14.7
289,601.0,1003.4,1528.0,14.7
290,601.0,902.3,1340.0,14.9
291,601.0,968.7,1454.0,15.0
292,601.0,990.7,1532.0,15.0
293,601.0,996.6,1542.0,15.0
294,601.0,1000.2,1591.0,15.0
295,601.0,900.3,1384.0,15.2
296,601.0,970.0,1556.0,15.2
297,601.0,991.5,1518.0,15.2
298,601.0,999.6,1656.0,15.2
299,601.0,1004.2,1545.0,15.2
300,601.0,908.0,1265.0,15.5
301,601.0,970.3,1706.0,15.5
302,601.0,994.0,1641.0,15.5
303,601.0,999.0,1633.0,15.5
304,601.0,1004.8,1538.0,15.5
305,601.0,904.8,1255.0,15.7
306,601.0,969.5,1543.0,15.7
307,601.0,990.9,1543.0,15.7
308,601.0,998.9,1494.0,15.7
309,601.0,1002.8,1524.0,15.8
310,601.0,904.3,1275.0,16.0
311,601.0,975.9,1692.0,16.0
312,601.0,996.1,1546.0,16.0
313,601.0,997.8,1605.0,16.0
314,601.0,1003.5,1674.0,16.0
315,601.0,902.5,1295.0,16.2
316,601.0,972.7,1599.0,16.2
317,601.0,992.0,1599.0,16.2
318,601.0,995.6,1585.0,16.2
319,601.0,1000.6,1681.0,16.3
320,601.0,905.6,1242.0,16.5
321,601.0,970.1,1566.0,16.5
322,601.0,991.1,1521.0,16.5
323,601.0,996.7,1566.0,16.5
324,601.0,995.7,1585.0,16.5
325,601.0,901.6,1269.0,16.7
326,601.0,972.2,1519.0,16.7
327,601.0,986.2,1460.0,16.8
328,601.0,996.1,1565.0,16.8
329,601.0,998.2,1551.0,16.8
330,601.0,905.3,1314.0,17.0
331,601.0,970.9,1605.0,17.0
332,601.0,993.4,1625.0,17.0
333,601.0,997.7,1650.0,17.0
334,601.0,995.5,1590.0,17.0
335,601.0,900.4,1313.0,17.3
336,601.0,968.8,1577.0,17.3
337,601.0,984.3,1577.0,17.3
338,601.0,992.3,1587.0,17.3
339,601.0,997.7,1591.0,17.3
340,601.0,902.2,1316.0,17.5
341,601.0,968.1,1720.0,17.6
342,601.0,984.8,1756.0,17.6
343,601.0,993.0,1644.0,17.6
344,601.0,998.2,1663.0,17.6
345,601.0,902.2,1284.0,17.8
346,601.0,969.2,1507.0,17.8
347,601.0,988.7,1565.0,17.8
348,601.0,994.8,1487.0,17.8
349,601.0,996.9,1596.0,17.9
350,601.0,897.9,1306.0,18.1
351,601.0,969.1,1510.0,18.1
352,601.0,984.5,1598.0,18.1
353,601.0,988.7,1598.0,18.1
354,601.0,997.9,1729.0,18.1
355,601.0,894.7,1291.0,18.3
356,601.0,963.1,1502.0,18.3
357,601.0,988.5,1462.0,18.3
358,601.0,1000.1,1515.0,18.3
359,601.0,998.1,1588.0,18.4
360,601.0,900.8,1275.0,18.6
361,601.0,970.9,1580.0,18.6
362,601.0,991.7,1558.0,18.6
363,601.0,996.6,1724.0,18.6
364,601.0,1002.6,1528.0,18.6
365,601.0,905.1,1312.0,18.8
366,601.0,971.1,1586.0,18.8
367,601.0,990.5,1475.0,18.8
368,601.0,995.0,1517.0,18.8
369,601.0,993.9,1590.0,18.9
370,601.0,894.9,1292.0,19.1
371,601.0,963.2,1515.0,19.1
372,601.0,984.9,1625.0,19.1
373,601.0,997.9,1604.0,19.1
374,601.0,997.1,1542.0,19.1
375,601.0,900.5,1323.0,19.3
376,601.0,970.3,1602.0,19.3
377,601.0,988.0,1589.0,19.4
378,601.0,995.1,1566.0,19.4
379,601.0,996.1,1569.0,19.4
380,601.0,901.6,1351.0,19.6
381,601.0,966.1,1573.0,19.6
382,601.0,986.3,1528.0,19.6
383,601.0,993.5,1574.0,19.6
384,601.0,993.8,1549.0,19.6
385,601.0,900.2,1266.0,19.8
386,601.0,965.7,1571.0,19.8
387,601.0,980.4,1480.0,19.8
388,601.0,990.9,1707.0,19.9
389,601.0,998.7,1568.0,19.9
390,601.0,900.2,1307.0,20.1
391,601.0,966.2,1457.0,20.1
392,601.0,985.3,1529.0,20.1
393,601.0,992.8,1476.0,20.1
394,601.0,999.6,1520.0,20.1
395,601.0,898.3,1430.0,20.3
396,601.0,968.1,1478.0,20.3
397,601.0,987.5,1558.0,20.3
398,601.0,998.4,1625.0,20.4
399,601.0,997.3,1558.0,20.4
400,601.0,903.2,1369.0,20.6
401,601.0,968.9,1504.0,20.7
402,601.0,984.9,1493.0,20.7
403,601.0,996.0,1632.0,20.7
404,601.0,996.0,1727.0,20.7
405,601.0,898.3,1373.0,20.9
406,601.0,967.3,1501.0,20.9
407,601.0,984.7,1605.0,20.9
408,601.0,990.5,1503.0,20.9
409,601.0,995.0,1631.0,20.9
410,601.0,902.9,1283.0,21.2
411,601.0,974.4,1535.0,21.2
412,601.0,989.2,1608.0,21.2
413,601.0,992.6,1648.0,21.2
414,601.0,994.1,1603.0,21.2
415,601.0,900.4,1287.0,21.4
416,601.0,969.4,1507.0,21.4
417,601.0,991.5,1604.0,21.4
418,601.0,1001.0,1605.0,21.4
419,601.0,998.5,1651.0,21.5
420,601.0,899.2,1322.0,21.7
421,601.0,969.5,1560.0,21.7
422,601.0,987.3,1560.0,21.7
423,601.0,989.4,1614.0,21.7
424,601.0,990.0,1532.0,21.7
425,601.0,895.4,1275.0,21.9
426,601.0,966.5,1504.0,21.9
427,601.0,984.4,1602.0,21.9
428,601.0,985.0,1595.0,21.9
429,601.0,993.1,1795.0,22.0
430,601.0,893.2,1272.0,22.2
431,601.0,967.3,1497.0,22.2
432,601.0,981.0,1565.0,22.2
433,601.0,990.6,1458.0,22.2
434,601.0,993.1,1551.0,22.2
435,601.0,894.6,1367.0,22.4
436,601.0,966.1,1568.0,22.4
437,601.0,984.8,1596.0,22.4
438,601.0,992.9,1601.0,22.4
439,601.0,996.2,1637.0,22.5
440,601.0,901.1,1271.0,22.7
441,601.0,965.1,1533.0,22.7
442,601.0,984.6,1479.0,22.7
443,601.0,991.4,1533.0,22.7
444,601.0,993.5,1612.0,22.7
445,601.0,900.1,1317.0,22.9
446,601.0,962.8,1564.0,22.9
447,601.0,987.0,1536.0,22.9
448,601.0,995.3,1549.0,23.0
449,601.0,994.8,1509.0,23.0
450,601.0,898.5,1321.0,23.2
451,601.0,963.0,1567.0,23.2
452,601.0,987.5,1538.0,23.2
453,601.0,992.0,1538.0,23.2
454,601.0,991.6,1487.0,23.2
455,601.0,893.8,1341.0,23.4
456,601.0,963.7,1549.0,23.4
457,601.0,985.3,1652.0,23.5
458,601.0,987.6,1508.0,23.5
459,601.0,989.1,1564.0,23.5
460,601.0,894.1,1319.0,23.7
461,601.0,967.7,1548.0,23.7
462,601.0,985.5,1579.0,23.7
463,601.0,991.7,1583.0,23.7
464,601.0,996.7,1582.0,23.7
465,601.0,901.4,1262.0,23.9
466,601.0,968.1,1635.0,24.0
467,601.0,986.6,1552.0,24.0
468,601.0,994.6,1709.0,24.0
469,601.0,996.5,1760.0,24.0
470,601.0,900.8,1302.0,24.2
471,601.0,963.5,1464.0,24.2
472,601.0,982.3,1539.0,24.2
473,601.0,990.2,1555.0,24.2
474,601.0,996.6,1595.0,24.2
475,601.0,901.6,1219.0,24.4
476,601.0,965.6,1594.0,24.5
477,601.0,989.1,1496.0,24.5
478,601.0,997.2,1673.0,24.5
479,601.0,994.0,1655.0,24.5
480,601.0,898.5,1322.0,24.7
481,601.0,963.8,1614.0,24.7
482,601.0,983.3,1614.0,24.7
483,601.0,995.5,1853.0,24.7
484,601.0,997.2,1888.0,24.7
485,601.0,895.9,1267.0,24.9
486,601.0,964.3,1610.0,25.0
487,601.0,983.1,1588.0,25.0
488,601.0,994.0,1591.0,25.0
489,601.0,994.1,1602.0,25.0
490,601.0,900.1,1264.0,25.2
491,601.0,966.6,1776.0,25.2
492,601.0,985.7,1539.0,25.2
493,601.0,1000.3,1568.0,25.2
494,601.0,1004.5,1739.0,25.2
495,601.0,896.8,1265.0,25.4
496,601.0,969.3,1653.0,25.5
497,601.0,983.8,1478.0,25.5
498,601.0,991.7,1499.0,25.5
499,601.0,999.1,1562.0,25.5
500,601.0,898.9,1371.0,25.7
501,601.0,971.0,1551.0,25.7
502,601.0,985.3,1551.0,25.7
503,601.0,989.6,1550.0,25.8
504,601.0,996.0,1575.0,25.8
505,601.0,900.0,1302.0,26.0
506,601.0,967.0,1525.0,26.0
507,601.0,983.7,1558.0,26.0
508,601.0,987.9,1466.0,26.0
509,601.0,988.4,1637.0,26.0
510,601.0,896.7,1275.0,26.2
511,601.0,967.0,1497.0,26.2
512,601.0,989.3,1680.0,26.2
513,601.0,996.2,1557.0,26.3
514,601.0,994.3,1538.0,26.3
515,601.0,895.0,1303.0,26.5
516,601.0,959.3,1545.0,26.5
517,601.0,981.9,1472.0,26.5
518,601.0,989.2,1626.0,26.5
519,601.0,992.3,1649.0,26.5
520,601.0,894.1,1268.0,26.7
521,601.0,961.5,1505.0,26.7
522,601.0,980.2,1465.0,26.8
523,601.0,988.5,1550.0,26.8
524,601.0,987.2,1498.0,26.8
525,601.0,894.0,1305.0,27.0
526,601.0,962.7,1534.0,27.0
527,601.0,979.1,1541.0,27.0
528,601.0,986.8,1530.0,27.0
529,601.0,994.7,1662.0,27.0
530,601.0,897.0,1299.0,27.2
531,601.0,965.2,1608.0,27.2
532,601.0,985.3,1509.0,27.2
533,601.0,987.5,1494.0,27.3
534,601.0,993.2,1580.0,27.3
535,601.0,899.7,1299.0,27.5
536,601.0,964.7,1516.0,27.5
537,601.0,985.6,1573.0,27.5
538,601.0,993.8,1573.0,27.5
539,601.0,995.5,1653.0,27.5
540,601.0,901.8,1226.0,27.7
541,601.0,963.6,1480.0,27.8
542,601.0,981.2,1595.0,27.8
543,601.0,991.7,1561.0,27.8
544,601.0,994.5,1552.0,27.8
545,601.0,899.3,1264.0,28.0
546,601.0,963.4,1602.0,28.0
547,601.0,984.7,1585.0,28.0
548,601.0,990.3,1653.0,28.0
549,601.0,992.0,1653.0,28.0
550,601.0,894.9,1345.0,28.2
551,601.0,963.2,1528.0,28.2
552,601.0,986.4,1646.0,28.3
553,601.0,992.9,1641.0,28.3
554,601.0,993.4,1602.0,28.3
555,601.0,896.9,1341.0,28.5
556,601.0,964.2,1668.0,28.5
557,601.0,984.0,1668.0,28.5
558,601.0,988.2,1545.0,28.5
559,601.0,991.4,1521.0,28.5
560,601.0,897.7,1327.0,28.7
561,601.0,963.5,1545.0,28.8
562,601.0,983.5,1572.0,28.8
563,601.0,992.6,1583.0,28.8
564,601.0,995.3,1494.0,28.8
565,601.0,894.9,1266.0,29.0
566,601.0,964.9,1601.0,29.0
567,601.0,987.1,1576.0,29.0
568,601.0,993.6,1486.0,29.0
569,601.0,997.7,1564.0,29.0
570,601.0,900.4,1246.0,29.2
571,601.0,969.3,1531.0,29.3
572,601.0,987.4,1633.0,29.3
573,601.0,988.6,1652.0,29.3
574,601.0,996.3,1535.0,29.3
575,601.0,900.2,1309.0,29.5
576,601.0,965.5,1551.0,29.5
577,601.0,983.6,1696.0,29.5
578,601.0,991.2,1696.0,29.5
579,601.0,993.7,1681.0,29.5
580,601.0,896.5,1330.0,29.7
581,601.0,959.5,1616.0,29.8
582,601.0,979.3,1654.0,29.8
583,601.0,993.4,1658.0,29.8
584,601.0,994.0,1741.0,29.8
585,601.0,896.4,1359.0,30.0
586,601.0,962.5,1425.0,30.0
587,601.0,979.5,1535.0,30.0
588,601.0,987.3,1577.0,30.0
589,601.0,991.2,1501.0,30.1
590,601.0,896.1,1321.0,30.3
591,601.0,960.0,1631.0,30.3
592,601.0,986.0,1523.0,30.3
593,601.0,988.1,1745.0,30.3
594,601.0,998.8,1543.0,30.3
595,601.0,897.6,1308.0,30.5
596,601.0,960.0,1567.0,30.5
597,601.0,980.9,1499.0,30.5
598,601.0,988.5,1764.0,30.6
599,601.0,988.9,1631.0,30.6
600,601.0,899.0,1354.0,30.8
601,601.0,964.9,1711.0,30.8
602,601.0,987.8,1603.0,30.8
603,601.0,989.2,1674.0,30.8
604,601.0,994.0,1764.0,30.8
605,601.0,896.8,1328.0,31.0
606,601.0,968.4,1597.0,31.0
607,601.0,985.9,1571.0,31.0
608,601.0,989.1,1757.0,31.0
609,601.0,987.9,1523.0,31.1
610,601.0,892.6,1246.0,31.3
611,601.0,961.5,1407.0,31.3
612,601.0,985.2,1501.0,31.3
613,601.0,993.7,1556.0,31.3
614,601.0,992.0,1535.0,31.3
615,601.0,897.9,1248.0,31.5
616,601.0,962.6,1509.0,31.5
617,601.0,983.8,1583.0,31.5
618,601.0,991.6,1759.0,31.5
619,601.0,987.4,1604.0,31.6
620,601.0,896.3,1299.0,31.8
621,601.0,963.8,1538.0,31.8
622,601.0,980.5,1479.0,31.8
623,601.0,989.0,1708.0,31.8
624,601.0,990.8,1708.0,31.8
625,601.0,895.0,1295.0,32.0
626,601.0,963.1,1610.0,32.0
627,601.0,982.2,1610.0,32.0
628,601.0,994.3,1643.0,32.0
629,601.0,997.7,1678.0,32.1
630,601.0,903.5,1346.0,32.3
631,601.0,967.5,1519.0,32.3
632,601.0,985.1,1554.0,32.3
633,601.0,990.0,1569.0,32.3
634,601.0,994.4,1520.0,32.3
635,601.0,895.6,1280.0,32.5
636,601.0,965.1,1520.0,32.5
637,601.0,981.1,1710.0,32.5
638,601.0,984.7,1555.0,32.6
639,601.0,989.6,1555.0,32.6
640,601.0,896.7,1287.0,32.8
641,601.0,960.7,1702.0,32.8
642,601.0,980.4,1571.0,32.8
643,601.0,989.4,1584.0,32.8
644,601.0,989.7,1556.0,32.8
645,601.0,898.0,1351.0,33.0
646,601.0,964.2,1517.0,33.0
647,601.0,986.0,1499.0,33.0
648,601.0,994.3,1534.0,33.1
649,601.0,997.2,1538.0,33.1
650,601.0,899.4,1319.0,33.3
651,601.0,970.1,1519.0,33.3
652,601.0,989.2,1611.0,33.3
653,601.0,990.6,1508.0,33.3
654,601.0,992.8,1482.0,33.3
655,601.0,897.5,1283.0,33.5
656,601.0,964.0,1504.0,33.5
657,601.0,984.5,1678.0,33.5
658,601.0,992.7,1684.0,33.5
659,601.0,990.5,1711.0,33.6
660,601.0,893.6,1274.0,33.8
661,601.0,960.3,1507.0,33.8
662,601.0,978.1,1518.0,33.8
663,601.0,992.9,1641.0,33.8
664,601.0,994.0,1539.0,33.8
665,601.0,896.9,1254.0,34.0
666,601.0,965.5,1611.0,34.0
667,601.0,982.8,1535.0,34.0
668,601.0,989.6,1571.0,34.1
669,601.0,993.5,1574.0,34.1
670,601.0,894.0,1254.0,34.3
671,601.0,965.0,1571.0,34.3
672,601.0,989.2,1496.0,34.3
673,601.0,993.7,1500.0,34.3
674,601.0,991.0,1661.0,34.3
675,601.0,893.4,1298.0,34.5
676,601.0,965.4,1552.0,34.5
677,601.0,984.6,1609.0,34.6
678,601.0,993.7,1584.0,34.6
679,601.0,994.9,1605.0,34.6
680,601.0,896.3,1373.0,34.8
681,601.0,965.0,1517.0,34.8
682,601.0,979.0,1495.0,34.8
683,601.0,988.0,1531.0,34.8
684,601.0,989.8,1479.0,34.8
685,601.0,897.6,1309.0,35.0
686,601.0,963.8,1486.0,35.1
687,601.0,982.0,1544.0,35.1
688,601.0,989.5,1544.0,35.1
689,601.0,995.5,1655.0,35.1
690,601.0,894.4,1285.0,35.3
691,601.0,964.0,1482.0,35.3
692,601.0,981.3,1608.0,35.3
693,601.0,987.7,1713.0,35.3
694,601.0,994.3,1550.0,35.3
695,601.0,898.3,1342.0,35.5
696,601.0,959.4,1562.0,35.6
697,601.0,981.9,1657.0,35.6
698,601.0,989.2,1586.0,35.6
699,601.0,993.8,1572.0,35.6
700,601.0,897.3,1424.0,35.8
701,601.0,963.4,1621.0,35.8
702,601.0,980.5,1552.0,35.8
703,601.0,985.4,1570.0,35.8
704,601.0,989.8,1531.0,35.8
705,601.0,895.8,1279.0,36.1
706,601.0,964.1,1608.0,36.1
707,601.0,983.2,1587.0,36.1
708,601.0,987.7,1587.0,36.1
709,601.0,986.2,1516.0,36.1
710,601.0,891.7,1259.0,36.3
711,601.0,961.1,1560.0,36.3
712,601.0,979.2,1527.0,36.3
713,601.0,988.1,1527.0,36.3
714,601.0,991.9,1603.0,36.4
715,601.0,892.7,1267.0,36.6
716,601.0,963.2,1528.0,36.6
717,601.0,977.9,1595.0,36.6
718,601.0,986.7,1538.0,36.6
719,601.0,991.1,1544.0,36.6
720,601.0,893.9,1287.0,36.8
721,601.0,959.4,1531.0,36.8
722,601.0,977.1,1561.0,36.8
723,601.0,984.1,1595.0,36.8
724,601.0,991.0,1543.0,36.9
725,601.0,892.9,1412.0,37.1
726,601.0,959.9,1538.0,37.1
727,601.0,981.7,1521.0,37.1
728,601.0,989.8,1553.0,37.1
729,601.0,989.5,1523.0,37.1
730,601.0,892.7,1341.0,37.3
731,601.0,962.3,1574.0,37.3
732,601.0,981.1,1571.0,37.3
733,601.0,988.6,1566.0,37.3
734,601.0,989.6,1625.0,37.4
735,601.0,895.1,1288.0,37.6
736,601.0,962.6,1538.0,37.6
737,601.0,983.3,1627.0,37.6
738,601.0,990.7,1585.0,37.6
739,601.0,993.9,1613.0,37.6
740,601.0,896.9,1335.0,37.8
741,601.0,963.4,1566.0,37.8
742,601.0,983.2,1547.0,37.8
743,601.0,989.5,1530.0,37.8
744,601.0,989.4,1495.0,37.8
745,601.0,896.4,1320.0,38.1
746,601.0,964.2,1576.0,38.1
747,601.0,984.4,1570.0,38.1
748,601.0,990.8,1620.0,38.1
749,601.0,989.8,1722.0,38.1
750,601.0,895.7,1350.0,38.3
751,601.0,957.4,1561.0,38.3
752,601.0,979.7,1561.0,38.3
753,601.0,985.1,1479.0,38.3
754,601.0,986.1,1559.0,38.3
755,601.0,891.5,1254.0,38.6
756,601.0,957.1,1494.0,38.6
757,601.0,977.6,1627.0,38.6
758,601.0,988.6,1582.0,38.6
759,601.0,995.2,1564.0,38.6
760,601.0,895.5,1291.0,38.8
761,601.0,964.8,1455.0,38.8
762,601.0,983.2,1575.0,38.8
763,601.0,994.1,1575.0,38.8
764,601.0,991.5,1574.0,38.8
765,601.0,896.1,1319.0,39.1
766,601.0,960.4,1477.0,39.1
767,601.0,975.1,1440.0,39.1
768,601.0,985.6,1504.0,39.1
769,601.0,988.1,1495.0,39.1
770,601.0,892.9,1280.0,39.3
771,601.0,957.8,1716.0,39.3
772,601.0,980.1,1569.0,39.4
773,601.0,985.4,1543.0,39.4
774,601.0,991.5,1646.0,39.4
775,601.0,894.1,1302.0,39.6
776,601.0,959.6,1466.0,39.6
777,601.0,980.7,1668.0,39.6
778,601.0,989.9,1668.0,39.6
779,601.0,986.2,1525.0,39.6
780,601.0,893.5,1311.0,39.8
781,601.0,958.5,1778.0,39.8
782,601.0,980.8,1664.0,39.9
783,601.0,986.2,1529.0,39.9
784,601.0,982.7,1559.0,39.9
785,601.0,890.4,1313.0,40.1
786,601.0,962.5,1463.0,40.1
787,601.0,983.0,1543.0,40.1
788,601.0,988.4,1525.0,40.1
789,601.0,989.9,1569.0,40.1
790,601.0,894.1,1294.0,40.3
791,601.0,956.4,1542.0,40.3
792,601.0,980.8,1439.0,40.3
793,601.0,986.4,1684.0,40.4
794,601.0,990.6,1560.0,40.4
795,601.0,895.2,1307.0,40.6
796,601.0,965.5,1520.0,40.6
797,601.0,982.1,1462.0,40.6
798,601.0,988.9,1579.0,40.6
799,601.0,991.6,1639.0,40.6
800,601.0,893.9,1312.0,40.8
801,601.0,959.6,1638.0,40.9
802,601.0,979.8,1491.0,40.9
803,601.0,986.1,1493.0,40.9
804,601.0,984.6,1492.0,40.9
805,601.0,890.5,1265.0,41.1
806,601.0,963.0,1558.0,41.1
807,601.0,979.7,1527.0,41.1
808,601.0,985.5,1527.0,41.1
809,601.0,988.7,1635.0,41.1
810,601.0,896.8,1292.0,41.3
811,601.0,957.8,1548.0,41.4
812,601.0,974.2,1627.0,41.4
813,601.0,984.2,1494.0,41.4
814,601.0,984.6,1611.0,41.4
815,601.0,895.2,1358.0,41.6
816,601.0,963.3,1703.0,41.6
817,601.0,982.9,1502.0,41.6
818,601.0,986.7,1502.0,41.6
819,601.0,988.7,1492.0,41.6
820,601.0,893.4,1243.0,41.9
821,601.0,956.6,1506.0,41.9
822,601.0,979.2,1497.0,41.9
823,601.0,981.6,1492.0,41.9
824,601.0,986.6,1514.0,41.9
825,601.0,891.1,1321.0,42.1
826,601.0,960.4,1512.0,42.1
827,601.0,982.9,1584.0,42.2
828,601.0,986.3,1533.0,42.2
829,601.0,989.2,1573.0,42.2
830,601.0,891.9,1382.0,42.4
831,601.0,961.1,1582.0,42.4
832,601.0,979.1,1572.0,42.4
833,601.0,982.3,1560.0,42.4
834,601.0,987.0,1511.0,42.4
835,601.0,892.6,1308.0,42.6
836,601.0,962.6,1562.0,42.6
837,601.0,987.5,1531.0,42.7
838,601.0,991.0,1512.0,42.7
839,601.0,991.9,1601.0,42.7
840,601.0,895.0,1283.0,42.9
841,601.0,958.7,1546.0,42.9
842,601.0,982.2,1595.0,42.9
843,601.0,978.1,1666.0,42.9
844,601.0,987.2,1557.0,42.9
845,601.0,894.9,1378.0,43.1
846,601.0,958.6,1581.0,43.1
847,601.0,982.2,1569.0,43.1
848,601.0,988.1,1583.0,43.2
849,601.0,988.2,1679.0,43.2
850,601.0,890.9,1300.0,43.4
851,601.0,958.5,1474.0,43.4
852,601.0,977.7,1600.0,43.4
853,601.0,985.0,1527.0,43.4
854,601.0,993.3,1550.0,43.4
855,601.0,887.4,1277.0,43.6
856,601.0,953.1,1525.0,43.6
857,601.0,975.6,1548.0,43.7
858,601.0,988.2,1540.0,43.7
859,601.0,989.6,1659.0,43.7
860,601.0,893.3,1281.0,43.9
861,601.0,962.1,1569.0,43.9
862,601.0,982.4,1602.0,43.9
863,601.0,988.6,1608.0,43.9
864,601.0,986.7,1548.0,43.9
865,601.0,891.8,1275.0,44.1
866,601.0,958.0,1554.0,44.2
867,601.0,979.7,1627.0,44.2
868,601.0,982.1,1623.0,44.2
869,601.0,988.3,1566.0,44.2
870,601.0,890.7,1328.0,44.4
871,601.0,955.6,1455.0,44.4
872,601.0,980.4,1638.0,44.4
873,601.0,984.1,1536.0,44.4
874,601.0,983.2,1572.0,44.5
875,601.0,891.0,1299.0,44.7
876,601.0,958.4,1453.0,44.7
877,601.0,979.1,1440.0,44.7
878,601.0,985.7,1569.0,44.7
879,601.0,989.3,1493.0,44.7
880,601.0,896.0,1315.0,44.9
881,601.0,962.9,1481.0,44.9
882,601.0,981.8,1491.0,45.0
883,601.0,988.6,1458.0,45.0
884,601.0,984.4,1623.0,45.0
885,601.0,894.6,1324.0,45.2
886,601.0,961.7,1470.0,45.2
887,601.0,979.0,1547.0,45.2
888,601.0,985.3,1500.0,45.2
889,601.0,989.3,1496.0,45.2
890,601.0,891.3,1310.0,45.4
891,601.0,957.6,1483.0,45.5
892,601.0,978.8,1553.0,45.5
893,601.0,989.4,1506.0,45.5
894,601.0,988.5,1575.0,45.5
895,601.0,894.8,1329.0,45.7
896,601.0,959.4,1571.0,45.7
897,601.0,983.3,1604.0,45.7
898,601.0,984.4,1449.0,45.7
899,601.0,990.3,1598.0,45.7
900,601.0,893.6,1326.0,45.9
901,601.0,959.1,1625.0,46.0
902,601.0,981.4,1704.0,46.0
903,601.0,984.8,1612.0,46.0
904,601.0,990.1,1583.0,46.0
905,601.0,894.1,1308.0,46.2
906,601.0,962.0,1710.0,46.2
907,601.0,987.1,1603.0,46.2
908,601.0,997.0,1515.0,46.2
909,601.0,994.4,1621.0,46.2
910,601.0,895.3,1263.0,46.4
911,601.0,965.6,1605.0,46.5
912,601.0,982.4,1537.0,46.5
913,601.0,983.9,1612.0,46.5
914,601.0,988.6,1612.0,46.5
915,601.0,893.8,1245.0,46.7
916,601.0,961.4,1481.0,46.7
917,601.0,980.2,1638.0,46.7
918,601.0,988.8,1578.0,46.7
919,601.0,990.3,1653.0,46.7
920,601.0,897.6,1309.0,47.0
921,601.0,962.5,1456.0,47.0
922,601.0,980.7,1638.0,47.0
923,601.0,982.7,1470.0,47.0
924,601.0,989.7,1510.0,47.0
925,601.0,895.5,1281.0,47.2
926,601.0,963.3,1531.0,47.2
927,601.0,983.5,1676.0,47.2
928,601.0,993.1,1686.0,47.2
929,601.0,989.2,1686.0,47.3
930,601.0,896.2,1254.0,47.5
931,601.0,964.5,1501.0,47.5
932,601.0,978.2,1561.0,47.5
933,601.0,985.0,1528.0,47.5
934,601.0,988.6,1565.0,47.5
935,601.0,894.4,1263.0,47.7
936,601.0,963.9,1547.0,47.7
937,601.0,978.4,1626.0,47.7
938,601.0,983.8,1624.0,47.8
939,601.0,991.3,1558.0,47.8
940,601.0,896.3,1285.0,48.0
941,601.0,958.7,1576.0,48.0
942,601.0,983.9,1664.0,48.0
943,601.0,990.5,1542.0,48.0
944,601.0,986.9,1631.0,48.0
945,601.0,896.3,1297.0,48.3
946,601.0,964.2,1587.0,48.3
947,601.0,983.5,1587.0,48.3
948,601.0,989.7,1654.0,48.3
949,601.0,995.5,1660.0,48.3
950,601.0,897.2,1244.0,48.6
951,601.0,970.9,1496.0,48.6
952,601.0,986.7,1572.0,48.6
953,601.0,988.1,1636.0,48.6
954,601.0,991.1,1678.0,48.7
955,601.0,895.3,1282.0,48.9
956,601.0,961.9,1395.0,49.0
957,601.0,977.3,1512.0,49.0
958,601.0,983.6,1575.0,49.0
959,601.0,984.9,1648.0,49.0
960,601.0,893.0,1287.0,49.3
961,601.0,960.6,1518.0,49.3
962,601.0,974.0,1673.0,49.3
963,601.0,981.0,1538.0,49.3
964,601.0,983.6,1644.0,49.3
965,601.0,888.9,1265.0,49.5
966,601.0,958.8,1515.0,49.5
967,601.0,975.5,1566.0,49.6
968,601.0,982.2,1503.0,49.6
969,601.0,984.4,1550.0,49.6
970,601.0,891.4,1328.0,49.8
971,601.0,961.3,1553.0,49.8
972,601.0,979.5,1625.0,49.8
973,601.0,989.9,1667.0,49.8
974,601.0,990.6,1487.0,49.8
975,601.0,894.9,1317.0,50.0
976,601.0,961.8,1626.0,50.0
977,601.0,977.4,1623.0,50.1
978,601.0,987.0,1623.0,50.1
979,601.0,985.0,1596.0,50.1
980,601.0,893.9,1298.0,50.3
981,601.0,958.9,1632.0,50.3
982,601.0,981.3,1720.0,50.3
983,601.0,986.6,1681.0,50.3
984,601.0,986.8,1623.0,50.3
985,601.0,890.6,1350.0,50.5
986,601.0,957.7,1616.0,50.5
987,601.0,977.9,1607.0,50.6
988,601.0,981.4,1624.0,50.6
989,601.0,985.4,1551.0,50.6
990,601.0,889.7,1292.0,50.8
991,601.0,957.6,1520.0,50.8
992,601.0,974.4,1520.0,50.8
993,601.0,978.8,1545.0,50.8
994,601.0,984.9,1577.0,50.8
995,601.0,887.4,1245.0,51.0
996,601.0,953.7,1475.0,51.0
997,601.0,976.8,1616.0,51.1
998,601.0,985.4,1643.0,51.1
999,601.0,988.0,1521.0,51.1
1000,601.0,893.6,1338.0,51.3
1001,601.0,955.3,1563.0,51.3
1002,601.0,974.7,1525.0,51.3
1003,601.0,980.6,1516.0,51.3
1004,601.0,984.4,1475.0,51.3
1005,601.0,891.1,1283.0,51.5
1006,601.0,955.2,1562.0,51.5
1007,601.0,976.5,1543.0,51.5
1008,601.0,980.2,1511.0,51.6
1009,601.0,981.1,1568.0,51.6
1010,601.0,888.1,1264.0,51.8
1011,601.0,958.8,1539.0,51.8
1012,601.0,972.1,1532.0,51.8
1013,601.0,979.6,1513.0,51.8
1014,601.0,983.1,1784.0,51.8
1015,601.0,891.6,1284.0,52.0
1016,601.0,960.8,1598.0,52.1
1017,601.0,980.0,1581.0,52.1
1018,601.0,985.5,1622.0,52.1
1019,601.0,992.3,1660.0,52.1
1020,601.0,888.1,1375.0,52.3
1021,601.0,955.0,1552.0,52.3
1022,601.0,975.8,1512.0,52.3
1023,601.0,980.2,1699.0,52.3
1024,601.0,982.3,1671.0,52.3
1025,601.0,889.3,1296.0,52.5
1026,601.0,961.6,1467.0,52.6
1027,601.0,979.0,1558.0,52.6
1028,601.0,991.6,1596.0,52.6
1029,601.0,989.1,1517.0,52.6
1030,601.0,890.0,1258.0,52.8
1031,601.0,952.4,1545.0,52.8
1032,601.0,976.3,1545.0,52.8
1033,601.0,985.7,1567.0,52.8
1034,601.0,992.7,1654.0,52.8
1035,601.0,892.4,1328.0,53.0
1036,601.0,958.5,1465.0,53.1
1037,601.0,976.5,1562.0,53.1
1038,601.0,984.9,1537.0,53.1
1039,601.0,988.3,1576.0,53.1
1040,601.0,890.1,1244.0,53.3
1041,601.0,962.9,1495.0,53.3
1042,601.0,990.5,1506.0,53.3
1043,601.0,986.7,1628.0,53.3
1044,601.0,984.3,1644.0,53.4
1045,601.0,893.2,1354.0,53.6
1046,601.0,960.8,1516.0,53.6
1047,601.0,981.5,1494.0,53.6
1048,601.0,986.4,1521.0,53.6
1049,601.0,987.4,1507.0,53.6
1050,601.0,892.3,1354.0,53.8
1051,601.0,958.4,1592.0,53.8
1052,601.0,978.2,1540.0,53.9
1053,601.0,986.2,1652.0,53.9
1054,601.0,986.4,1557.0,53.9
1055,601.0,890.2,1257.0,54.1
1056,601.0,961.3,1566.0,54.1
1057,601.0,979.8,1504.0,54.1
1058,601.0,985.0,1681.0,54.1
1059,601.0,985.9,1542.0,54.1
1060,601.0,891.8,1285.0,54.3
1061,601.0,961.4,1552.0,54.3
1062,601.0,980.6,1552.0,54.4
1063,601.0,987.2,1532.0,54.4
1064,601.0,990.9,1615.0,54.4
1065,601.0,891.6,1316.0,54.6
1066,601.0,957.2,1496.0,54.6
1067,601.0,977.3,1571.0,54.6
1068,601.0,985.7,1578.0,54.6
1069,601.0,984.1,1579.0,54.6
1070,601.0,889.6,1297.0,54.8
1071,601.0,953.9,1462.0,54.8
1072,601.0,974.3,1558.0,54.9
1073,601.0,984.1,1548.0,54.9
1074,601.0,985.4,1653.0,54.9
1075,601.0,892.6,1305.0,55.1
1076,601.0,956.7,1524.0,55.1
1077,601.0,980.2,1524.0,55.1
1078,601.0,991.2,1550.0,55.1
1079,601.0,989.4,1578.0,55.1
1080,601.0,896.6,1319.0,55.3
1081,601.0,964.6,1579.0,55.3
1082,601.0,977.6,1651.0,55.3
1083,601.0,985.4,1563.0,55.4
1084,601.0,982.0,1612.0,55.4
1085,601.0,890.3,1382.0,55.6
1086,601.0,959.9,1543.0,55.6
1087,601.0,978.9,1573.0,55.6
1088,601.0,983.7,1610.0,55.6
1089,601.0,984.9,1582.0,55.6
1090,601.0,892.2,1312.0,55.8
1091,601.0,958.8,1601.0,55.8
1092,601.0,984.1,1644.0,55.8
1093,601.0,988.4,1588.0,55.8
1094,601.0,987.6,1504.0,55.9
1095,601.0,892.1,1296.0,56.1
1096,601.0,958.0,1526.0,56.1
1097,601.0,972.0,1506.0,56.1
1098,601.0,982.8,1585.0,56.1
1099,601.0,990.5,1585.0,56.1
1100,601.0,895.2,1316.0,56.3
1101,601.0,958.0,1485.0,56.3
1102,601.0,976.6,1608.0,56.3
1103,601.0,983.2,1565.0,56.3
1104,601.0,987.3,1678.0,56.4
1105,601.0,891.5,1263.0,56.6
1106,601.0,953.8,1544.0,56.6
1107,601.0,977.8,1605.0,56.6
1108,601.0,987.5,1602.0,56.6
1109,601.0,984.3,1540.0,56.6
1110,601.0,891.1,1300.0,56.8
1111,601.0,957.8,1509.0,56.8
1112,601.0,976.7,1654.0,56.8
1113,601.0,985.6,1604.0,56.8
1114,601.0,986.1,1604.0,56.8
1115,601.0,894.3,1310.0,57.0
1116,601.0,959.4,1468.0,57.1
1117,601.0,977.0,1466.0,57.1
1118,601.0,982.1,1596.0,57.1
1119,601.0,986.7,1565.0,57.1
1120,601.0,890.3,1291.0,57.3
1121,601.0,956.3,1428.0,57.3
1122,601.0,978.3,1602.0,57.3
1123,601.0,985.8,1550.0,57.3
1124,601.0,989.4,1594.0,57.3
1125,601.0,894.6,1338.0,57.6
1126,601.0,959.1,1499.0,57.6
1127,601.0,979.7,1511.0,57.6
1128,601.0,986.1,1551.0,57.6
1129,601.0,990.8,1555.0,57.6
1130,601.0,891.8,1295.0,57.9
1131,601.0,961.5,1512.0,57.9
1132,601.0,980.3,1488.0,57.9
1133,601.0,987.9,1482.0,57.9
1134,601.0,987.6,1614.0,57.9
1135,601.0,891.8,1254.0,58.1
1136,601.0,955.7,1522.0,58.1
1137,601.0,975.5,1447.0,58.1
1138,601.0,977.7,1491.0,58.1
1139,601.0,982.6,1482.0,58.1
1140,601.0,887.0,1215.0,58.4
1141,601.0,956.0,1487.0,58.4
1142,601.0,974.3,1516.0,58.4
1143,601.0,979.3,1610.0,58.4
1144,601.0,987.4,1672.0,58.4
1145,601.0,888.8,1287.0,58.7
1146,601.0,954.5,1573.0,58.7
1147,601.0,972.5,1710.0,58.7
1148,601.0,978.7,1607.0,58.7
1149,601.0,984.3,1568.0,58.7
1150,601.0,892.3,1281.0,58.9
1151,601.0,958.6,1568.0,58.9
1152,601.0,978.0,1503.0,58.9
1153,601.0,987.4,1576.0,59.0
1154,601.0,991.4,1575.0,59.0
1155,601.0,894.4,1289.0,59.2
1156,601.0,958.4,1542.0,59.2
1157,601.0,977.0,1478.0,59.2
1158,601.0,985.3,1485.0,59.2
1159,601.0,987.8,1619.0,59.2
1160,601.0,891.2,1259.0,59.4
1161,601.0,958.5,1701.0,59.4
1162,601.0,977.4,1616.0,59.4
1163,601.0,982.1,1549.0,59.5
1164,601.0,983.9,1588.0,59.5
1165,601.0,890.0,1398.0,59.7
1166,601.0,961.0,1535.0,59.7
1167,601.0,973.5,1549.0,59.7
1168,601.0,979.7,1530.0,59.7
1169,601.0,980.8,1672.0,59.7
1170,601.0,892.0,1345.0,59.9
1171,601.0,957.8,1582.0,59.9
1172,601.0,975.9,1570.0,59.9
1173,601.0,986.3,1512.0,60.0
1174,601.0,986.9,1488.0,60.0
1175,601.0,893.9,1291.0,60.2
1176,601.0,960.9,1563.0,60.2
1177,601.0,974.5,1549.0,60.2
1178,601.0,984.1,1490.0,60.2
1179,601.0,984.6,1665.0,60.2
1180,601.0,888.7,1280.0,60.4
1181,601.0,954.8,1505.0,60.4
1182,601.0,974.3,1503.0,60.4
1183,601.0,989.3,1642.0,60.5
1184,601.0,989.4,1497.0,60.5
1185,601.0,894.1,1320.0,60.7
1186,601.0,962.9,1655.0,60.7
1187,601.0,981.5,1562.0,60.7
1188,601.0,986.1,1543.0,60.7
1189,601.0,981.1,1494.0,60.7
1190,601.0,890.2,1296.0,60.9
1191,601.0,960.0,1523.0,60.9
1192,601.0,976.3,1490.0,61.0
1193,601.0,979.5,1653.0,61.0
1194,601.0,986.0,1653.0,61.0
1195,601.0,895.5,1339.0,61.2
1196,601.0,957.8,1505.0,61.2
1197,601.0,975.3,1597.0,61.2
1198,601.0,986.8,1552.0,61.2
1199,601.0,986.5,1607.0,61.2
1200,601.0,895.2,1291.0,61.4
1201,601.0,960.1,1585.0,61.4
1202,601.0,976.1,1528.0,61.5
1203,601.0,982.9,1609.0,61.5
1204,601.0,986.9,1663.0,61.5
1205,601.0,891.2,1268.0,61.7
1206,601.0,961.3,1581.0,61.7
1207,601.0,982.1,1607.0,61.7
1208,601.0,986.2,1604.0,61.7
1209,601.0,986.3,1628.0,61.7
1210,601.0,889.1,1262.0,61.9
1211,601.0,954.6,1463.0,61.9
1212,601.0,974.4,1554.0,62.0
1213,601.0,985.0,1518.0,62.0
1214,601.0,980.6,1518.0,62.0
1215,601.0,889.9,1288.0,62.2
1216,601.0,959.4,1613.0,62.2
1217,601.0,976.4,1573.0,62.2
1218,601.0,984.0,1516.0,62.2
1219,601.0,982.7,1463.0,62.2
1220,601.0,885.8,1270.0,62.4
1221,601.0,954.1,1493.0,62.4
1222,601.0,977.1,1588.0,62.4
1223,601.0,987.0,1624.0,62.5
1224,601.0,985.6,1645.0,62.5
1225,601.0,892.5,1343.0,62.7
1226,601.0,960.5,1430.0,62.7
1227,601.0,978.7,1537.0,62.7
1228,601.0,986.7,1551.0,62.7
1229,601.0,988.6,1765.0,62.7
1230,601.0,893.0,1260.0,62.9
1231,601.0,957.6,1622.0,62.9
1232,601.0,980.1,1646.0,63.0
1233,601.0,984.0,1646.0,63.0
1234,601.0,982.6,1488.0,63.0
1235,601.0,892.4,1233.0,63.2
1236,601.0,956.3,1522.0,63.2
1237,601.0,978.6,1504.0,63.2
1238,601.0,982.8,1584.0,63.2
1239,601.0,985.0,1529.0,63.2
1240,601.0,891.6,1382.0,63.4
1241,601.0,964.2,1493.0,63.4
1242,601.0,978.5,1535.0,63.5
1243,601.0,982.1,1464.0,63.5
1244,601.0,986.8,1623.0,63.5
1245,601.0,890.0,1282.0,63.7
1246,601.0,954.7,1610.0,63.7
1247,601.0,973.0,1504.0,63.7
1248,601.0,983.4,1542.0,63.7
1249,601.0,990.2,1524.0,63.7
1250,601.0,895.9,1292.0,63.9
1251,601.0,962.0,1469.0,63.9
1252,601.0,977.2,1606.0,63.9
1253,601.0,986.6,1622.0,64.0
1254,601.0,991.9,1616.0,64.0
1255,601.0,893.8,1327.0,64.2
1256,601.0,964.5,1524.0,64.2
1257,601.0,981.2,1510.0,64.2
1258,601.0,982.5,1540.0,64.2
1259,601.0,987.4,1597.0,64.2
1260,601.0,892.0,1286.0,64.4
1261,601.0,961.6,1464.0,64.4
1262,601.0,975.5,1601.0,64.4
1263,601.0,982.0,1538.0,64.5
1264,601.0,981.4,1633.0,64.5
1265,601.0,890.1,1359.0,64.7
1266,601.0,954.5,1708.0,64.7
1267,601.0,977.7,1579.0,64.7
1268,601.0,987.3,1538.0,64.7
1269,601.0,990.2,1553.0,64.7
1270,601.0,894.1,1294.0,64.9
1271,601.0,962.7,1527.0,64.9
1272,601.0,985.1,1599.0,64.9
1273,601.0,988.8,1767.0,65.0
1274,601.0,992.0,1633.0,65.0
1275,601.0,893.7,1275.0,65.2
1276,601.0,964.3,1765.0,65.2
1277,601.0,977.8,1668.0,65.2
1278,601.0,984.4,1696.0,65.2
1279,601.0,986.3,1618.0,65.2
1280,601.0,892.0,1285.0,65.4
1281,601.0,957.2,1500.0,65.4
1282,601.0,973.9,1611.0,65.4
1283,601.0,981.1,1611.0,65.5
1284,601.0,984.0,1612.0,65.5
1285,601.0,891.8,1268.0,65.7
1286,601.0,958.5,1478.0,65.7
1287,601.0,979.3,1631.0,65.7
1288,601.0,982.8,1663.0,65.7
1289,601.0,984.7,1514.0,65.7
1290,601.0,891.2,1280.0,65.9
1291,601.0,957.6,1618.0,65.9
1292,601.0,979.3,1655.0,65.9
1293,601.0,981.2,1676.0,66.0
1294,601.0,979.1,1645.0,66.0
1295,601.0,889.8,1233.0,66.2
1296,601.0,956.4,1590.0,66.2
1297,601.0,979.0,1619.0,66.2
1298,601.0,984.3,1679.0,66.2
1299,601.0,987.3,1620.0,66.2
1300,601.0,890.4,1289.0,66.4
1301,601.0,961.3,1594.0,66.4
1302,601.0,980.6,1519.0,66.5
1303,601.0,985.9,1536.0,66.5
1304,601.0,988.1,1583.0,66.5
1305,601.0,890.7,1312.0,66.7
1306,601.0,963.9,1640.0,66.7
1307,601.0,982.4,1579.0,66.7
1308,601.0,987.6,1813.0,66.7
1309,601.0,987.1,1716.0,66.7
1310,601.0,893.2,1286.0,66.9
1311,601.0,956.0,1561.0,66.9
1312,601.0,975.4,1658.0,66.9
1313,601.0,982.8,1719.0,67.0
1314,601.0,987.5,1632.0,67.0
1315,601.0,891.6,1327.0,67.2
1316,601.0,958.5,1584.0,67.2
1317,601.0,976.7,1630.0,67.2
1318,601.0,981.7,1646.0,67.2
1319,601.0,990.5,1611.0,67.2
1320,601.0,893.8,1244.0,67.4
1321,601.0,954.6,1433.0,67.4
1322,601.0,978.9,1558.0,67.5
1323,601.0,984.4,1608.0,67.5
1324,601.0,985.2,1608.0,67.5
1325,601.0,886.3,1257.0,67.7
1326,601.0,956.7,1582.0,67.7
1327,601.0,974.2,1634.0,67.7
1328,601.0,978.1,1491.0,67.7
1329,601.0,986.1,1535.0,67.7
1330,601.0,892.3,1329.0,67.9
1331,601.0,958.2,1533.0,67.9
1332,601.0,976.4,1519.0,67.9
1333,601.0,982.0,1572.0,68.0
1334,601.0,986.9,1556.0,68.0
1335,601.0,890.7,1328.0,68.2
1336,601.0,956.1,1516.0,68.2
1337,601.0,971.7,1612.0,68.2
1338,601.0,982.2,1588.0,68.2
1339,601.0,989.6,1518.0,68.2
1340,601.0,891.8,1245.0,68.4
1341,601.0,955.4,1612.0,68.4
1342,601.0,977.9,1555.0,68.4
1343,601.0,984.6,1737.0,68.4
1344,601.0,991.3,1861.0,68.5
1345,601.0,889.7,1299.0,68.7
1346,601.0,956.4,1612.0,68.7
1347,601.0,973.8,1497.0,68.7
1348,601.0,979.2,1579.0,68.7
1349,601.0,980.9,1579.0,68.7
1350,601.0,889.0,1275.0,68.9
1351,601.0,956.9,1576.0,68.9
1352,601.0,976.5,1508.0,68.9
1353,601.0,980.7,1628.0,69.0
1354,601.0,988.0,1670.0,69.0
1355,601.0,888.9,1278.0,69.2
1356,601.0,950.6,1471.0,69.2
1357,601.0,974.6,1648.0,69.2
1358,601.0,983.0,1592.0,69.2
1359,601.0,986.6,1587.0,69.2
1360,601.0,891.0,1326.0,69.4
1361,601.0,956.2,1590.0,69.4
1362,601.0,972.6,1551.0,69.5
1363,601.0,981.6,1571.0,69.5
1364,601.0,983.6,1613.0,69.5
1365,601.0,893.1,1325.0,69.7
1366,601.0,959.8,1568.0,69.7
1367,601.0,978.0,1598.0,69.7
1368,601.0,981.3,1547.0,69.7
1369,601.0,985.9,1634.0,69.7
1370,601.0,889.9,1333.0,69.9
1371,601.0,955.8,1607.0,69.9
1372,601.0,978.8,1633.0,70.0
1373,601.0,982.2,1657.0,70.0
1374,601.0,982.7,1821.0,70.0
1375,601.0,889.6,1243.0,70.2
1376,601.0,956.5,1522.0,70.2
1377,601.0,978.0,1559.0,70.2
1378,601.0,980.4,1601.0,70.2
1379,601.0,985.7,1489.0,70.2
1380,601.0,890.1,1298.0,70.4
1381,601.0,954.4,1521.0,70.4
1382,601.0,980.3,1517.0,70.4
1383,601.0,989.5,1603.0,70.5
1384,601.0,988.8,1582.0,70.5
1385,601.0,891.5,1323.0,70.7
1386,601.0,956.2,1459.0,70.7
1387,601.0,979.3,1625.0,70.7
1388,601.0,983.1,1564.0,70.7
1389,601.0,989.3,1558.0,70.7
1390,601.0,891.1,1244.0,70.9
1391,601.0,954.9,1550.0,70.9
1392,601.0,971.9,1544.0,70.9
1393,601.0,982.7,1587.0,71.0
1394,601.0,985.5,1689.0,71.0
1395,601.0,892.3,1307.0,71.2
1396,601.0,958.2,1547.0,71.2
1397,601.0,980.8,1578.0,71.2
1398,601.0,990.0,1672.0,71.2
1399,601.0,989.3,1672.0,71.2
1400,601.0,893.6,1350.0,71.4
1401,601.0,956.6,1501.0,71.4
1402,601.0,975.8,1597.0,71.4
1403,601.0,982.1,1610.0,71.4
1404,601.0,985.2,1558.0,71.5
1405,601.0,890.7,1304.0,71.7
1406,601.0,957.7,1622.0,71.7
1407,601.0,982.1,1651.0,71.7
1408,601.0,982.7,1576.0,71.7
1409,601.0,987.0,1517.0,71.7
1410,601.0,891.7,1266.0,71.9
1411,601.0,957.0,1411.0,71.9
1412,601.0,973.7,1575.0,71.9
1413,601.0,983.0,1573.0,72.0
1414,601.0,990.4,1606.0,72.0
1415,601.0,890.6,1374.0,72.2
1416,601.0,959.5,1596.0,72.2
1417,601.0,978.1,1660.0,72.2
1418,601.0,983.0,1628.0,72.2
1419,601.0,986.1,1628.0,72.2
1420,601.0,892.8,1296.0,72.4
1421,601.0,961.9,1598.0,72.4
1422,601.0,983.3,1552.0,72.5
1423,601.0,986.7,1568.0,72.5
1424,601.0,990.0,1552.0,72.5
1425,601.0,894.5,1364.0,72.7
1426,601.0,958.8,1466.0,72.7
1427,601.0,971.7,1564.0,72.7
1428,601.0,979.6,1574.0,72.7
1429,601.0,986.5,1618.0,72.7
1430,601.0,891.0,1336.0,72.9
1431,601.0,956.1,1458.0,73.0
1432,601.0,974.8,1526.0,73.0
1433,601.0,981.2,1547.0,73.0
1434,601.0,985.9,1527.0,73.0
1435,601.0,890.7,1277.0,73.2
1436,601.0,956.9,1445.0,73.2
1437,601.0,972.6,1486.0,73.2
1438,601.0,980.5,1438.0,73.2
1439,601.0,984.3,1477.0,73.2
1440,601.0,890.0,1250.0,73.4
1441,601.0,958.5,1513.0,73.5
1442,601.0,975.0,1567.0,73.5
1443,601.0,981.8,1646.0,73.5
1444,601.0,987.4,1558.0,73.5
1445,601.0,892.3,1283.0,73.7
1446,601.0,957.9,1526.0,73.7
1447,601.0,976.2,1572.0,73.7
1448,601.0,982.6,1517.0,73.7
1449,601.0,984.2,1581.0,73.7
1450,601.0,889.5,1309.0,73.9
1451,601.0,954.4,1646.0,73.9
1452,601.0,973.8,1571.0,74.0
1453,601.0,984.7,1541.0,74.0
1454,601.0,986.7,1519.0,74.0
1455,601.0,890.8,1284.0,74.2
1456,601.0,955.0,1588.0,74.2
1457,601.0,973.7,1743.0,74.2
1458,601.0,983.5,1461.0,74.2
1459,601.0,981.9,1492.0,74.2
1460,601.0,891.3,1323.0,74.4
1461,601.0,958.3,1523.0,74.4
1462,601.0,973.1,1549.0,74.5
1463,601.0,982.2,1553.0,74.5
1464,601.0,986.2,1553.0,74.5
1465,601.0,889.6,1382.0,74.7
1466,601.0,955.2,1463.0,74.7
1467,601.0,975.5,1550.0,74.7
1468,601.0,983.2,1451.0,74.7
1469,601.0,987.8,1595.0,74.7
1470,601.0,891.3,1326.0,74.9
1471,601.0,958.6,1524.0,74.9
1472,601.0,974.2,1570.0,75.0
1473,601.0,982.8,1504.0,75.0
1474,601.0,988.7,1514.0,75.0
1475,601.0,894.6,1257.0,75.2
1476,601.0,960.5,1482.0,75.2
1477,601.0,976.6,1546.0,75.2
1478,601.0,978.6,1489.0,75.2
1479,601.0,982.9,1553.0,75.2
1480,601.0,889.8,1246.0,75.4
1481,601.0,959.4,1564.0,75.4
1482,601.0,978.3,1564.0,75.5
1483,601.0,985.6,1489.0,75.5
1484,601.0,989.5,1467.0,75.5
1485,601.0,894.1,1312.0,75.7
1486,601.0,956.8,1565.0,75.7
1487,601.0,977.2,1497.0,75.7
1488,601.0,982.5,1559.0,75.7
1489,601.0,983.8,1559.0,75.7
1490,601.0,892.8,1321.0,75.9
1491,601.0,960.8,1548.0,75.9
1492,601.0,975.2,1490.0,75.9
1493,601.0,985.1,1582.0,76.0
1494,601.0,982.7,1517.0,76.0
1495,601.0,886.6,1329.0,76.2
1496,601.0,955.3,1515.0,76.2
1497,601.0,972.3,1714.0,76.2
1498,601.0,981.5,1714.0,76.2
1499,601.0,985.6,1533.0,76.2
1500,601.0,885.4,1315.0,76.4
1501,601.0,954.7,1462.0,76.4
1502,601.0,977.4,1547.0,76.4
1503,601.0,984.2,1567.0,76.4
1504,601.0,984.0,1567.0,76.5
1505,601.0,889.7,1240.0,76.7
1506,601.0,954.8,1530.0,76.7
1507,601.0,979.4,1650.0,76.7
1508,601.0,987.3,1650.0,76.7
1509,601.0,983.8,1613.0,76.7
1510,601.0,889.2,1340.0,76.9
1511,601.0,955.8,1634.0,76.9
1512,601.0,973.4,1642.0,76.9
1513,601.0,980.9,1570.0,76.9
1514,601.0,985.3,1577.0,77.0
1515,601.0,891.1,1259.0,77.2
1516,601.0,958.0,1646.0,77.2
1517,601.0,978.2,1646.0,77.2
1518,601.0,981.3,1604.0,77.2
1519,601.0,983.8,1555.0,77.2
1520,601.0,889.1,1395.0,77.4
1521,601.0,951.6,1539.0,77.4
1522,601.0,974.9,1580.0,77.4
1523,601.0,978.8,1664.0,77.4
1524,601.0,982.2,1551.0,77.5
1525,601.0,889.8,1284.0,77.7
1526,601.0,952.2,1492.0,77.7
1527,601.0,972.6,1568.0,77.7
1528,601.0,980.6,1590.0,77.7
1529,601.0,983.8,1660.0,77.7
1530,601.0,887.9,1224.0,77.9
1531,601.0,951.4,1469.0,77.9
1532,601.0,973.8,1499.0,77.9
1533,601.0,979.1,1581.0,77.9
1534,601.0,980.9,1543.0,77.9
1535,601.0,889.5,1227.0,78.1
1536,601.0,961.9,1521.0,78.2
1537,601.0,978.9,1526.0,78.2
1538,601.0,989.3,1613.0,78.2
1539,601.0,990.5,1613.0,78.2
1540,601.0,893.8,1403.0,78.4
1541,601.0,959.0,1454.0,78.4
1542,601.0,977.4,1530.0,78.4
1543,601.0,981.0,1547.0,78.4
1544,601.0,987.1,1727.0,78.4
1545,601.0,893.1,1346.0,78.6
1546,601.0,960.2,1667.0,78.6
1547,601.0,977.3,1508.0,78.7
1548,601.0,986.0,1565.0,78.7
1549,601.0,985.0,1580.0,78.7
1550,601.0,890.7,1311.0,78.9
1551,601.0,957.8,1495.0,78.9
1552,601.0,978.4,1527.0,78.9
1553,601.0,985.6,1605.0,78.9
1554,601.0,987.8,1526.0,78.9
1555,601.0,889.5,1300.0,79.1
1556,601.0,957.4,1557.0,79.2
1557,601.0,975.8,1717.0,79.2
1558,601.0,986.4,1712.0,79.2
1559,601.0,985.3,1505.0,79.2
1560,601.0,891.4,1271.0,79.4
1561,601.0,953.0,1553.0,79.4
1562,601.0,973.6,1476.0,79.4
1563,601.0,979.3,1586.0,79.4
1564,601.0,984.4,1505.0,79.4
1565,601.0,893.2,1282.0,79.6
1566,601.0,956.5,1513.0,79.7
1567,601.0,972.0,1720.0,79.7
1568,601.0,981.2,1606.0,79.7
1569,601.0,981.2,1510.0,79.7
1570,601.0,889.2,1271.0,79.9
1571,601.0,956.3,1579.0,79.9
1572,601.0,975.6,1551.0,79.9
1573,601.0,978.4,1535.0,79.9
1574,601.0,978.8,1495.0,79.9
1575,601.0,888.6,1311.0,80.1
1576,601.0,958.5,1439.0,80.2
1577,601.0,976.1,1479.0,80.2
1578,601.0,981.3,1490.0,80.2
1579,601.0,988.5,1641.0,80.2
1580,601.0,890.0,1269.0,80.4
1581,601.0,958.6,1428.0,80.4
1582,601.0,977.8,1463.0,80.4
1583,601.0,988.5,1514.0,80.4
1584,601.0,987.4,1633.0,80.4
1585,601.0,891.0,1360.0,80.6
1586,601.0,949.8,1531.0,80.6
1587,601.0,976.0,1670.0,80.7
1588,601.0,982.5,1620.0,80.7
1589,601.0,985.3,1539.0,80.7
1590,601.0,890.4,1293.0,80.9
1591,601.0,959.3,1485.0,80.9
1592,601.0,980.9,1563.0,80.9
1593,601.0,989.7,1557.0,80.9
1594,601.0,988.9,1534.0,80.9
1595,601.0,893.1,1313.0,81.1
1596,601.0,958.3,1496.0,81.1
1597,601.0,977.0,1459.0,81.2
1598,601.0,985.2,1555.0,81.2
1599,601.0,985.2,1586.0,81.2
1600,601.0,890.7,1323.0,81.4
1601,601.0,956.4,1607.0,81.4
1602,601.0,974.1,1532.0,81.4
1603,601.0,983.0,1540.0,81.4
1604,601.0,987.9,1540.0,81.4
1605,601.0,887.9,1320.0,81.6
1606,601.0,955.7,1519.0,81.6
1607,601.0,977.4,1472.0,81.7
1608,601.0,979.4,1586.0,81.7
1609,601.0,984.4,1507.0,81.7
1610,601.0,890.1,1273.0,81.9
1611,601.0,956.3,1482.0,81.9
1612,601.0,979.3,1599.0,81.9
1613,601.0,985.0,1580.0,81.9
1614,601.0,986.2,1455.0,81.9
1615,601.0,889.4,1262.0,82.1
1616,601.0,957.8,1467.0,82.2
1617,601.0,983.0,1526.0,82.2
1618,601.0,985.6,1661.0,82.2
1619,601.0,988.1,1550.0,82.2
1620,601.0,890.4,1265.0,82.4
1621,601.0,959.8,1456.0,82.4
1622,601.0,978.7,1527.0,82.4
1623,601.0,982.8,1477.0,82.4
1624,601.0,987.5,1472.0,82.4
1625,601.0,891.3,1301.0,82.6
1626,601.0,958.0,1553.0,82.7
1627,601.0,978.6,1520.0,82.7
1628,601.0,985.0,1539.0,82.7
1629,601.0,988.4,1583.0,82.7
1630,601.0,894.5,1313.0,82.9
1631,601.0,960.1,1486.0,82.9
1632,601.0,976.7,1639.0,82.9
1633,601.0,986.1,1662.0,82.9
1634,601.0,986.5,1706.0,82.9
1635,601.0,888.6,1275.0,83.1
1636,601.0,958.4,1509.0,83.1
1637,601.0,974.1,1496.0,83.2
1638,601.0,983.9,1541.0,83.2
1639,601.0,982.1,1607.0,83.2
1640,601.0,887.1,1342.0,83.4
1641,601.0,952.0,1592.0,83.4
1642,601.0,974.8,1530.0,83.4
1643,601.0,977.1,1456.0,83.4
1644,601.0,983.7,1536.0,83.4
1645,601.0,888.7,1256.0,83.6
1646,601.0,957.3,1463.0,83.6
1647,601.0,976.3,1638.0,83.7
1648,601.0,982.9,1559.0,83.7
1649,601.0,981.6,1538.0,83.7
1650,601.0,890.0,1343.0,83.9
1651,601.0,957.1,1452.0,83.9
1652,601.0,972.6,1538.0,83.9
1653,601.0,981.4,1513.0,83.9
1654,601.0,981.9,1523.0,83.9
1655,601.0,889.8,1249.0,84.1
1656,601.0,956.7,1597.0,84.1
1657,601.0,971.9,1561.0,84.1
1658,601.0,977.8,1532.0,84.2
1659,601.0,985.5,1516.0,84.2
1660,601.0,888.1,1317.0,84.4
1661,601.0,959.0,1500.0,84.4
1662,601.0,975.0,1543.0,84.4
1663,601.0,980.6,1552.0,84.4
1664,601.0,982.8,1552.0,84.4
1665,601.0,889.8,1274.0,84.6
1666,601.0,954.7,1639.0,84.6
1667,601.0,970.5,1522.0,84.6
1668,601.0,976.1,1465.0,84.6
1669,601.0,978.0,1542.0,84.7
1670,601.0,885.1,1361.0,84.9
1671,601.0,955.7,1467.0,84.9
1672,601.0,971.6,1555.0,84.9
1673,601.0,978.1,1557.0,84.9
1674,601.0,982.6,1552.0,84.9
1675,601.0,889.7,1337.0,85.1
1676,601.0,958.7,1632.0,85.1
1677,601.0,976.5,1514.0,85.1
1678,601.0,981.1,1510.0,85.1
1679,601.0,981.6,1552.0,85.1
1680,601.0,888.9,1312.0,85.3
1681,601.0,957.0,1659.0,85.4
1682,601.0,976.1,1659.0,85.4
1683,601.0,981.4,1659.0,85.4
1684,601.0,983.0,1668.0,85.4
1685,601.0,888.1,1316.0,85.6
1686,601.0,956.1,1571.0,85.6
1687,601.0,974.3,1495.0,85.6
1688,601.0,981.7,1498.0,85.6
1689,601.0,987.8,1550.0,85.6
1690,601.0,888.5,1338.0,85.8
1691,601.0,955.9,1539.0,85.9
1692,601.0,974.0,1542.0,85.9
1693,601.0,987.1,1580.0,85.9
1694,601.0,987.2,1489.0,85.9
1695,601.0,893.0,1318.0,86.1
1696,601.0,957.2,1616.0,86.1
1697,601.0,979.7,1608.0,86.1
1698,601.0,983.3,1571.0,86.1
1699,601.0,985.3,1625.0,86.1
1700,601.0,888.7,1272.0,86.3
1701,601.0,961.5,1547.0,86.4
1702,601.0,978.3,1510.0,86.4
1703,601.0,988.8,1469.0,86.4
1704,601.0,990.7,1573.0,86.4
1705,601.0,893.2,1272.0,86.6
1706,601.0,962.4,1495.0,86.6
1707,601.0,980.4,1547.0,86.6
1708,601.0,986.5,1590.0,86.6
1709,601.0,984.0,1645.0,86.6
1710,601.0,888.8,1322.0,86.8
1711,601.0,955.0,1505.0,86.9
1712,601.0,975.8,1616.0,86.9
1713,601.0,984.3,1526.0,86.9
1714,601.0,989.2,1553.0,86.9
1715,601.0,889.9,1277.0,87.1
1716,601.0,954.5,1457.0,87.1
1717,601.0,975.3,1597.0,87.1
1718,601.0,985.2,1508.0,87.1
1719,601.0,986.4,1575.0,87.1
1720,601.0,886.0,1249.0,87.3
1721,601.0,953.5,1522.0,87.4
1722,601.0,975.7,1582.0,87.4
1723,601.0,980.9,1588.0,87.4
1724,601.0,988.0,1562.0,87.4
1725,601.0,890.6,1315.0,87.6
1726,601.0,952.9,1480.0,87.6
1727,601.0,972.0,1536.0,87.6
1728,601.0,980.9,1532.0,87.6
1729,601.0,986.4,1537.0,87.6
1730,601.0,890.2,1286.0,87.8
1731,601.0,958.2,1565.0,87.9
1732,601.0,976.5,1494.0,87.9
1733,601.0,978.9,1535.0,87.9
1734,601.0,983.1,1514.0,87.9
1735,601.0,888.1,1356.0,88.1
1736,601.0,950.4,1614.0,88.1
1737,601.0,967.4,1548.0,88.1
1738,601.0,980.4,1517.0,88.1
1739,601.0,988.2,1469.0,88.1
1740,601.0,890.4,1272.0,88.3
1741,601.0,952.3,1447.0,88.3
1742,601.0,975.9,1711.0,88.4
1743,601.0,983.8,1559.0,88.4
1744,601.0,983.9,1818.0,88.4
1745,601.0,891.7,1273.0,88.6
1746,601.0,959.2,1623.0,88.6
1747,601.0,968.4,1477.0,88.6
1748,601.0,976.8,1597.0,88.6
1749,601.0,980.4,1597.0,88.6
1750,601.0,887.8,1280.0,88.8
1751,601.0,957.2,1534.0,88.8
1752,601.0,977.2,1591.0,88.9
1753,601.0,980.7,1568.0,88.9
1754,601.0,987.0,1620.0,88.9
1755,601.0,891.1,1310.0,89.1
1756,601.0,958.6,1559.0,89.1
1757,601.0,977.5,1551.0,89.1
1758,601.0,985.2,1587.0,89.1
1759,601.0,989.1,1679.0,89.1
1760,601.0,895.1,1325.0,89.3
1761,601.0,964.1,1511.0,89.3
1762,601.0,981.1,1563.0,89.3
1763,601.0,989.2,1504.0,89.4
1764,601.0,990.2,1513.0,89.4
1765,601.0,893.3,1320.0,89.6
1766,601.0,955.1,1540.0,89.6
1767,601.0,979.5,1522.0,89.6
1768,601.0,987.8,1579.0,89.6
1769,601.0,989.3,1684.0,89.6
1770,601.0,890.9,1295.0,89.8
1771,601.0,958.4,1525.0,89.8
1772,601.0,973.9,1647.0,89.8
1773,601.0,978.3,1647.0,89.8
1774,601.0,980.0,1616.0,89.9
1775,601.0,889.6,1335.0,90.1
1776,601.0,953.3,1496.0,90.1
1777,601.0,974.3,1547.0,90.1
1778,601.0,977.6,1502.0,90.1
1779,601.0,977.7,1508.0,90.1
1780,601.0,886.4,1280.0,90.3
1781,601.0,950.8,1436.0,90.3
1782,601.0,965.3,1490.0,90.3
1783,601.0,972.4,1460.0,90.4
1784,601.0,976.9,1566.0,90.4
1785,601.0,885.4,1274.0,90.6
1786,601.0,957.9,1442.0,90.6
1787,601.0,977.1,1724.0,90.6
1788,601.0,983.9,1520.0,90.6
1789,601.0,982.4,1506.0,90.6
1790,601.0,890.4,1295.0,90.8
1791,601.0,954.0,1512.0,90.8
1792,601.0,972.8,1538.0,90.8
1793,601.0,977.5,1529.0,90.9
1794,601.0,983.1,1583.0,90.9
1795,601.0,888.1,1340.0,91.1
1796,601.0,957.2,1539.0,91.1
1797,601.0,973.9,1516.0,91.1
1798,601.0,982.0,1584.0,91.1
1799,601.0,983.6,1525.0,91.1
1800,601.0,886.6,1371.0,91.3
1801,601.0,949.0,1512.0,91.3
1802,601.0,974.2,1520.0,91.4
1803,601.0,982.2,1518.0,91.4
1804,601.0,984.1,1590.0,91.4
1805,601.0,887.1,1328.0,91.6
1806,601.0,955.5,1569.0,91.6
1807,601.0,970.3,1503.0,91.6
1808,601.0,981.9,1551.0,91.6
1809,601.0,978.8,1729.0,91.6
1810,601.0,888.7,1279.0,91.8
1811,601.0,957.7,1490.0,91.8
1812,601.0,979.9,1557.0,91.8
1813,601.0,989.2,1591.0,91.9
1814,601.0,988.5,1674.0,91.9
1815,601.0,888.4,1296.0,92.1
1816,601.0,957.0,1559.0,92.1
1817,601.0,977.7,1540.0,92.1
1818,601.0,983.8,1540.0,92.1
1819,601.0,986.9,1528.0,92.1
1820,601.0,894.2,1266.0,92.3
1821,601.0,962.3,1543.0,92.3
1822,601.0,980.8,1572.0,92.3
1823,601.0,985.0,1566.0,92.4
1824,601.0,985.2,1520.0,92.4
1825,601.0,890.1,1246.0,92.6
1826,601.0,957.4,1451.0,92.6
1827,601.0,977.7,1685.0,92.6
1828,601.0,979.9,1709.0,92.6
1829,601.0,982.4,1709.0,92.6
1830,601.0,886.6,1237.0,92.8
1831,601.0,956.2,1524.0,92.8
1832,601.0,974.5,1480.0,92.8
1833,601.0,982.6,1503.0,92.8
1834,601.0,987.6,1503.0,92.9
1835,601.0,894.1,1427.0,93.1
1836,601.0,957.1,1621.0,93.1
1837,601.0,973.2,1524.0,93.1
1838,601.0,980.4,1515.0,93.1
1839,601.0,977.0,1523.0,93.1
1840,601.0,884.7,1332.0,93.3
1841,601.0,951.3,1563.0,93.3
1842,601.0,973.4,1620.0,93.3
1843,601.0,975.4,1563.0,93.3
1844,601.0,979.4,1504.0,93.4
1845,601.0,889.3,1278.0,93.6
1846,601.0,955.7,1469.0,93.6
1847,601.0,971.7,1578.0,93.6
1848,601.0,980.2,1672.0,93.6
1849,601.0,979.1,1486.0,93.6
1850,601.0,885.6,1261.0,93.8
1851,601.0,951.8,1619.0,93.8
1852,601.0,973.5,1619.0,93.8
1853,601.0,977.2,1619.0,93.8
1854,601.0,983.0,1532.0,93.9
1855,601.0,889.5,1233.0,94.1
1856,601.0,950.5,1627.0,94.1
1857,601.0,976.6,1735.0,94.1
1858,601.0,983.1,1560.0,94.1
1859,601.0,980.7,1663.0,94.1
1860,601.0,889.1,1269.0,94.3
1861,601.0,953.8,1461.0,94.3
1862,601.0,968.6,1526.0,94.3
1863,601.0,977.9,1505.0,94.3
1864,601.0,981.2,1618.0,94.3
1865,601.0,888.5,1239.0,94.5
1866,601.0,956.3,1472.0,94.6
1867,601.0,976.1,1521.0,94.6
1868,601.0,980.5,1571.0,94.6
1869,601.0,985.2,1588.0,94.6
1870,601.0,889.7,1246.0,94.8
1871,601.0,955.2,1559.0,94.8
1872,601.0,975.7,1536.0,94.8
1873,601.0,978.9,1553.0,94.8
1874,601.0,979.1,1522.0,94.8
1875,601.0,886.3,1244.0,95.0
1876,601.0,957.0,1711.0,95.1
1877,601.0,972.3,1557.0,95.1
1878,601.0,975.5,1535.0,95.1
1879,601.0,980.3,1494.0,95.1
1880,601.0,888.1,1295.0,95.3
1881,601.0,956.8,1661.0,95.3
1882,601.0,977.4,1505.0,95.3
1883,601.0,977.1,1632.0,95.3
1884,601.0,981.7,1530.0,95.3
1885,601.0,889.3,1274.0,95.5
1886,601.0,956.8,1578.0,95.6
1887,601.0,974.9,1465.0,95.6
1888,601.0,984.2,1534.0,95.6
1889,601.0,981.8,1560.0,95.6
1890,601.0,888.8,1320.0,95.8
1891,601.0,958.7,1526.0,95.8
1892,601.0,973.4,1549.0,95.8
1893,601.0,981.2,1540.0,95.8
1894,601.0,984.2,1511.0,95.8
1895,601.0,886.2,1438.0,96.1
1896,601.0,948.3,1518.0,96.1
1897,601.0,972.0,1445.0,96.1
1898,601.0,978.9,1455.0,96.1
1899,601.0,981.7,1455.0,96.1
1900,601.0,891.3,1314.0,96.3
1901,601.0,960.3,1564.0,96.3
1902,601.0,979.3,1603.0,96.4
1903,601.0,982.7,1485.0,96.4
1904,601.0,982.2,1528.0,96.4
1905,601.0,888.3,1290.0,96.6
1906,601.0,952.0,1451.0,96.6
1907,601.0,977.3,1545.0,96.6
1908,601.0,982.3,1567.0,96.6
1909,601.0,984.4,1566.0,96.6
1910,601.0,890.8,1301.0,96.8
1911,601.0,957.7,1471.0,96.8
1912,601.0,976.0,1518.0,96.8
1913,601.0,980.2,1537.0,96.9
1914,601.0,979.7,1535.0,96.9
1915,601.0,889.6,1205.0,97.1
1916,601.0,952.2,1540.0,97.1
1917,601.0,977.0,1486.0,97.1
1918,601.0,981.1,1535.0,97.1
1919,601.0,983.5,1535.0,97.1
1920,601.0,885.3,1255.0,97.3
1921,601.0,951.9,1481.0,97.3
1922,601.0,971.9,1642.0,97.4
1923,601.0,977.3,1600.0,97.4
1924,601.0,981.0,1575.0,97.4
1925,601.0,885.8,1270.0,97.6
1926,601.0,956.2,1497.0,97.6
1927,601.0,974.8,1502.0,97.6
1928,601.0,980.9,1554.0,97.6
1929,601.0,980.4,1697.0,97.6
1930,601.0,886.8,1359.0,97.8
1931,601.0,953.9,1533.0,97.8
1932,601.0,974.1,1542.0,97.8
1933,601.0,982.1,1559.0,97.9
1934,601.0,984.6,1531.0,97.9
1935,601.0,891.6,1298.0,98.1
1936,601.0,959.7,1554.0,98.1
1937,601.0,975.2,1545.0,98.1
1938,601.0,979.8,1633.0,98.1
1939,601.0,981.5,1528.0,98.1
1940,601.0,888.6,1365.0,98.3
1941,601.0,953.1,1547.0,98.4
1942,601.0,976.0,1561.0,98.4
1943,601.0,979.1,1516.0,98.4
1944,601.0,980.7,1563.0,98.4
1945,601.0,888.1,1419.0,98.6
1946,601.0,955.0,1555.0,98.6
1947,601.0,971.5,1489.0,98.6
1948,601.0,977.2,1593.0,98.6
1949,601.0,977.7,1589.0,98.6
1950,601.0,889.4,1363.0,98.8
1951,601.0,956.1,1600.0,98.9
1952,601.0,970.8,1559.0,98.9
1953,601.0,979.0,1655.0,98.9
1954,601.0,980.5,1576.0,98.9
1955,601.0,891.2,1371.0,99.1
1956,601.0,956.0,1644.0,99.1
1957,601.0,974.5,1545.0,99.1
1958,601.0,983.6,1714.0,99.1
1959,601.0,981.9,1577.0,99.1
1960,601.0,887.9,1289.0,99.3
1961,601.0,955.3,1485.0,99.4
1962,601.0,977.0,1502.0,99.4
1963,601.0,987.9,1601.0,99.4
1964,601.0,984.0,1659.0,99.4
1965,601.0,886.4,1289.0,99.6
1966,601.0,955.7,1577.0,99.6
1967,601.0,975.8,1658.0,99.6
1968,601.0,984.2,1588.0,99.6
1969,601.0,981.0,1530.0,99.6
1970,601.0,889.6,1312.0,99.8
1971,601.0,955.5,1542.0,99.8
1972,601.0,979.4,1556.0,99.9
1973,601.0,981.6,1570.0,99.9
1974,601.0,983.0,1618.0,99.9
1975,601.0,888.5,1276.0,100.1
1976,601.0,957.5,1570.0,100.1
1977,601.0,969.7,1555.0,100.1
1978,601.0,980.5,1564.0,100.1
1979,601.0,982.4,1564.0,100.1
1980,601.0,883.3,1280.0,100.3
1981,601.0,956.7,1636.0,100.3
1982,601.0,973.4,1624.0,100.4
1983,601.0,977.8,1527.0,100.4
1984,601.0,981.0,1495.0,100.4
1985,601.0,891.9,1329.0,100.6
1986,601.0,955.3,1535.0,100.6
1987,601.0,977.3,1550.0,100.6
1988,601.0,982.7,1599.0,100.6
1989,601.0,982.5,1599.0,100.6
1990,601.0,887.1,1295.0,100.8
1991,601.0,958.8,1467.0,100.9
1992,601.0,980.9,1597.0,100.9
1993,601.0,982.5,1533.0,100.9
1994,601.0,986.2,1473.0,100.9
1995,601.0,890.8,1302.0,101.1
1996,601.0,957.6,1607.0,101.1
1997,601.0,976.0,1607.0,101.1
1998,601.0,978.7,1723.0,101.1
1999,601.0,988.1,1574.0,101.1
